<?xml version="1.0" encoding="utf-8" standalone="yes"?><rss version="2.0" xmlns:atom="http://www.w3.org/2005/Atom"><channel><title>TV | Dongyu Guo | Homepage</title><link>https://hugo-academic-resume-githubio.netlify.app/tag/tv/</link><atom:link href="https://hugo-academic-resume-githubio.netlify.app/tag/tv/index.xml" rel="self" type="application/rss+xml"/><description>TV</description><generator>Wowchemy (https://wowchemy.com)</generator><language>en-us</language><lastBuildDate>Sun, 08 May 2022 00:00:00 +0000</lastBuildDate><image><url>https://hugo-academic-resume-githubio.netlify.app/media/icon_hu0b7a4cb9992c9ac0e91bd28ffd38dd00_9727_512x512_fill_lanczos_center_3.png</url><title>TV</title><link>https://hugo-academic-resume-githubio.netlify.app/tag/tv/</link></image><item><title>Welcome to visit, Bei</title><link>https://hugo-academic-resume-githubio.netlify.app/post/welcome/</link><pubDate>Sun, 08 May 2022 00:00:00 +0000</pubDate><guid>https://hugo-academic-resume-githubio.netlify.app/post/welcome/</guid><description>&lt;h2 id="overview">Overview&lt;/h2>
&lt;p>lalalalala 😃&lt;/p></description></item></channel></rss>