<?xml version="1.0" encoding="utf-8" standalone="yes"?><rss version="2.0" xmlns:atom="http://www.w3.org/2005/Atom"><channel><title>Slides | Academic</title><link>https://blog.mimeku.me/slides/</link><atom:link href="https://blog.mimeku.me/slides/index.xml" rel="self" type="application/rss+xml"/><description>Slides</description><generator>Wowchemy (https://wowchemy.com)</generator><language>en-us</language><lastBuildDate>Tue, 05 Feb 2019 00:00:00 +0000</lastBuildDate><item><title>Slides</title><link>https://blog.mimeku.me/slides/example/</link><pubDate>Tue, 05 Feb 2019 00:00:00 +0000</pubDate><guid>https://blog.mimeku.me/slides/example/</guid><description>&lt;h1 id="create-slides-in-markdown-with-wowchemy">Create slides in Markdown with Wowchemy&lt;/h1>
&lt;p>&lt;a href="https://wowchemy.com/" target="_blank" rel="noopener">Wowchemy&lt;/a> | &lt;a href="https://owchemy.com/docs/managing-content/#create-slides" target="_blank" rel="noopener">Documentation&lt;/a>&lt;/p>
&lt;hr>
&lt;h2 id="features">Features&lt;/h2>
&lt;ul>
&lt;li>Efficiently write slides in Markdown&lt;/li>
&lt;li>3-in-1: Create, Present, and Publish your slides&lt;/li>
&lt;li>Supports speaker notes&lt;/li>
&lt;li>Mobile friendly slides&lt;/li>
&lt;/ul>
&lt;hr>
&lt;h2 id="controls">Controls&lt;/h2>
&lt;ul>
&lt;li>Next: &lt;code>Right Arrow&lt;/code> or &lt;code>Space&lt;/code>&lt;/li>
&lt;li>Previous: &lt;code>Left Arrow&lt;/code>&lt;/li>
&lt;li>Start: &lt;code>Home&lt;/code>&lt;/li>
&lt;li>Finish: &lt;code>End&lt;/code>&lt;/li>
&lt;li>Overview: &lt;code>Esc&lt;/code>&lt;/li>
&lt;li>Speaker notes: &lt;code>S&lt;/code>&lt;/li>
&lt;li>Fullscreen: &lt;code>F&lt;/code>&lt;/li>
&lt;li>Zoom: &lt;code>Alt + Click&lt;/code>&lt;/li>
&lt;li>&lt;a href="https://github.com/hakimel/reveal.js#pdf-export" target="_blank" rel="noopener">PDF Export&lt;/a>: &lt;code>E&lt;/code>&lt;/li>
&lt;/ul>
&lt;hr>
&lt;h2 id="code-highlighting">Code Highlighting&lt;/h2>
&lt;p>Inline code: &lt;code>variable&lt;/code>&lt;/p>
&lt;p>Code block:&lt;/p>
&lt;div class="highlight">&lt;pre tabindex="0" class="chroma">&lt;code class="language-python" data-lang="python">&lt;span class="line">&lt;span class="cl">&lt;span class="n">porridge&lt;/span> &lt;span class="o">=&lt;/span> &lt;span class="s2">&amp;#34;blueberry&amp;#34;&lt;/span>
&lt;/span>&lt;/span>&lt;span class="line">&lt;span class="cl">&lt;span class="k">if&lt;/span> &lt;span class="n">porridge&lt;/span> &lt;span class="o">==&lt;/span> &lt;span class="s2">&amp;#34;blueberry&amp;#34;&lt;/span>&lt;span class="p">:&lt;/span>
&lt;/span>&lt;/span>&lt;span class="line">&lt;span class="cl"> &lt;span class="nb">print&lt;/span>&lt;span class="p">(&lt;/span>&lt;span class="s2">&amp;#34;Eating...&amp;#34;&lt;/span>&lt;span class="p">)&lt;/span>
&lt;/span>&lt;/span>&lt;/code>&lt;/pre>&lt;/div>&lt;hr>
&lt;h2 id="math">Math&lt;/h2>
&lt;p>In-line math: $x + y = z$&lt;/p>
&lt;p>Block math:&lt;/p>
&lt;p>$$
f\left( x \right) = ;\frac{{2\left( {x + 4} \right)\left( {x - 4} \right)}}{{\left( {x + 4} \right)\left( {x + 1} \right)}}
$$&lt;/p>
&lt;hr>
&lt;h2 id="fragments">Fragments&lt;/h2>
&lt;p>Make content appear incrementally&lt;/p>
&lt;pre tabindex="0">&lt;code>{{% fragment %}} One {{% /fragment %}}
{{% fragment %}} **Two** {{% /fragment %}}
{{% fragment %}} Three {{% /fragment %}}
&lt;/code>&lt;/pre>&lt;p>Press &lt;code>Space&lt;/code> to play!&lt;/p>
&lt;span class="fragment " >
One
&lt;/span>
&lt;span class="fragment " >
&lt;strong>Two&lt;/strong>
&lt;/span>
&lt;span class="fragment " >
Three
&lt;/span>
&lt;hr>
&lt;p>A fragment can accept two optional parameters:&lt;/p>
&lt;ul>
&lt;li>&lt;code>class&lt;/code>: use a custom style (requires definition in custom CSS)&lt;/li>
&lt;li>&lt;code>weight&lt;/code>: sets the order in which a fragment appears&lt;/li>
&lt;/ul>
&lt;hr>
&lt;h2 id="speaker-notes">Speaker Notes&lt;/h2>
&lt;p>Add speaker notes to your presentation&lt;/p>
&lt;div class="highlight">&lt;pre tabindex="0" class="chroma">&lt;code class="language-markdown" data-lang="markdown">&lt;span class="line">&lt;span class="cl">{{% speaker_note %}}
&lt;/span>&lt;/span>&lt;span class="line">&lt;span class="cl">
&lt;/span>&lt;/span>&lt;span class="line">&lt;span class="cl">&lt;span class="k">-&lt;/span> Only the speaker can read these notes
&lt;/span>&lt;/span>&lt;span class="line">&lt;span class="cl">&lt;span class="k">-&lt;/span> Press &lt;span class="sb">`S`&lt;/span> key to view
&lt;/span>&lt;/span>&lt;span class="line">&lt;span class="cl"> {{% /speaker_note %}}
&lt;/span>&lt;/span>&lt;/code>&lt;/pre>&lt;/div>&lt;p>Press the &lt;code>S&lt;/code> key to view the speaker notes!&lt;/p>
&lt;aside class="notes">
&lt;ul>
&lt;li>Only the speaker can read these notes&lt;/li>
&lt;li>Press &lt;code>S&lt;/code> key to view&lt;/li>
&lt;/ul>
&lt;/aside>
&lt;hr>
&lt;h2 id="themes">Themes&lt;/h2>
&lt;ul>
&lt;li>black: Black background, white text, blue links (default)&lt;/li>
&lt;li>white: White background, black text, blue links&lt;/li>
&lt;li>league: Gray background, white text, blue links&lt;/li>
&lt;li>beige: Beige background, dark text, brown links&lt;/li>
&lt;li>sky: Blue background, thin dark text, blue links&lt;/li>
&lt;/ul>
&lt;hr>
&lt;ul>
&lt;li>night: Black background, thick white text, orange links&lt;/li>
&lt;li>serif: Cappuccino background, gray text, brown links&lt;/li>
&lt;li>simple: White background, black text, blue links&lt;/li>
&lt;li>solarized: Cream-colored background, dark green text, blue links&lt;/li>
&lt;/ul>
&lt;hr>
&lt;section data-noprocess data-shortcode-slide
data-background-image="/media/boards.jpg"
>
&lt;h2 id="custom-slide">Custom Slide&lt;/h2>
&lt;p>Customize the slide style and background&lt;/p>
&lt;div class="highlight">&lt;pre tabindex="0" class="chroma">&lt;code class="language-markdown" data-lang="markdown">&lt;span class="line">&lt;span class="cl">{{&lt;span class="p">&amp;lt;&lt;/span> &lt;span class="nt">slide&lt;/span> &lt;span class="na">background-image&lt;/span>&lt;span class="o">=&lt;/span>&lt;span class="s">&amp;#34;/media/boards.jpg&amp;#34;&lt;/span> &lt;span class="p">&amp;gt;&lt;/span>}}
&lt;/span>&lt;/span>&lt;span class="line">&lt;span class="cl">{{&lt;span class="p">&amp;lt;&lt;/span> &lt;span class="nt">slide&lt;/span> &lt;span class="na">background-color&lt;/span>&lt;span class="o">=&lt;/span>&lt;span class="s">&amp;#34;#0000FF&amp;#34;&lt;/span> &lt;span class="p">&amp;gt;&lt;/span>}}
&lt;/span>&lt;/span>&lt;span class="line">&lt;span class="cl">{{&lt;span class="p">&amp;lt;&lt;/span> &lt;span class="nt">slide&lt;/span> &lt;span class="na">class&lt;/span>&lt;span class="o">=&lt;/span>&lt;span class="s">&amp;#34;my-style&amp;#34;&lt;/span> &lt;span class="p">&amp;gt;&lt;/span>}}
&lt;/span>&lt;/span>&lt;/code>&lt;/pre>&lt;/div>&lt;hr>
&lt;h2 id="custom-css-example">Custom CSS Example&lt;/h2>
&lt;p>Let&amp;rsquo;s make headers navy colored.&lt;/p>
&lt;p>Create &lt;code>assets/css/reveal_custom.css&lt;/code> with:&lt;/p>
&lt;div class="highlight">&lt;pre tabindex="0" class="chroma">&lt;code class="language-css" data-lang="css">&lt;span class="line">&lt;span class="cl">&lt;span class="p">.&lt;/span>&lt;span class="nc">reveal&lt;/span> &lt;span class="nt">section&lt;/span> &lt;span class="nt">h1&lt;/span>&lt;span class="o">,&lt;/span>
&lt;/span>&lt;/span>&lt;span class="line">&lt;span class="cl">&lt;span class="p">.&lt;/span>&lt;span class="nc">reveal&lt;/span> &lt;span class="nt">section&lt;/span> &lt;span class="nt">h2&lt;/span>&lt;span class="o">,&lt;/span>
&lt;/span>&lt;/span>&lt;span class="line">&lt;span class="cl">&lt;span class="p">.&lt;/span>&lt;span class="nc">reveal&lt;/span> &lt;span class="nt">section&lt;/span> &lt;span class="nt">h3&lt;/span> &lt;span class="p">{&lt;/span>
&lt;/span>&lt;/span>&lt;span class="line">&lt;span class="cl"> &lt;span class="k">color&lt;/span>&lt;span class="p">:&lt;/span> &lt;span class="kc">navy&lt;/span>&lt;span class="p">;&lt;/span>
&lt;/span>&lt;/span>&lt;span class="line">&lt;span class="cl">&lt;span class="p">}&lt;/span>
&lt;/span>&lt;/span>&lt;/code>&lt;/pre>&lt;/div>&lt;hr>
&lt;h1 id="questions">Questions?&lt;/h1>
&lt;p>&lt;a href="https://github.com/wowchemy/wowchemy-hugo-modules/discussions" target="_blank" rel="noopener">Ask&lt;/a>&lt;/p>
&lt;p>&lt;a href="https://wowchemy.com/docs/managing-content/#create-slides" target="_blank" rel="noopener">Documentation&lt;/a>&lt;/p></description></item></channel></rss>