<?xml version="1.0" encoding="utf-8" standalone="yes"?><rss version="2.0" xmlns:atom="http://www.w3.org/2005/Atom"><channel><title>Categories | Academic</title><link>https://blog.mimeku.me/categories/</link><atom:link href="https://blog.mimeku.me/categories/index.xml" rel="self" type="application/rss+xml"/><description>Categories</description><generator>Wowchemy (https://wowchemy.com)</generator><language>en-us</language><lastBuildDate>Sun, 13 Dec 2020 00:00:00 +0000</lastBuildDate><image><url>https://blog.mimeku.me/media/icon_hu0b7a4cb9992c9ac0e91bd28ffd38dd00_9727_512x512_fill_lanczos_center_3.png</url><title>Categories</title><link>https://blog.mimeku.me/categories/</link></image></channel></rss>