[{"authors":null,"categories":null,"content":"RL. Movie. Snowboarding.\n Download my resumé. -- ","date":-62135596800,"expirydate":-62135596800,"kind":"term","lang":"en","lastmod":1652016749,"objectID":"2525497d367e79493fd32b198b28f040","permalink":"","publishdate":"0001-01-01T00:00:00Z","relpermalink":"","section":"authors","summary":"RL. Movie. Snowboarding.\n Download my resumé. -- ","tags":null,"title":"Dongyu Guo","type":"authors"},{"authors":[],"categories":null,"content":" Click on the Slides button above to view the built-in slides feature.   Slides can be added in a few ways:\n Create slides using Wowchemy’s Slides feature and link using slides parameter in the front matter of the talk file Upload an existing slide deck to static/ and link using url_slides parameter in the front matter of the talk file Embed your slides (e.g. Google Slides) or presentation video on this page using shortcodes.  Further event details, including page elements such as image galleries, can be added to the body of this page.\n","date":1906549200,"expirydate":-62135596800,"kind":"page","lang":"en","lastmod":1650770445,"objectID":"a8edef490afe42206247b6ac05657af0","permalink":"https://hugo-academic-resume-githubio.netlify.app/talk/example-talk/","publishdate":"2017-01-01T00:00:00Z","relpermalink":"/talk/example-talk/","section":"event","summary":"An example talk using Wowchemy's Markdown slides feature.","tags":[],"title":"Example Talk","type":"event"},{"authors":["Dongyu Guo"],"categories":["Daily"],"content":"Overview lalalalala 😃\n","date":1651968e3,"expirydate":-62135596800,"kind":"page","lang":"en","lastmod":1652016749,"objectID":"9c8fc5dc75abc298a528bb2179079a1e","permalink":"https://hugo-academic-resume-githubio.netlify.app/post/welcome/","publishdate":"2022-05-08T00:00:00Z","relpermalink":"/post/welcome/","section":"post","summary":"Welcome 👋","tags":["TV"],"title":"Welcome to visit, Bei","type":"post"},{"authors":null,"categories":null,"content":"This introduction of Unstable Baselines has not been updated.\n","date":1651017600,"expirydate":-62135596800,"kind":"page","lang":"en","lastmod":1652016749,"objectID":"ddc75c3c93fdaf576a2dca4dc3ed9727","permalink":"https://hugo-academic-resume-githubio.netlify.app/project/unstable_baselines/","publishdate":"2022-04-27T00:00:00Z","relpermalink":"/project/unstable_baselines/","section":"project","summary":"Unstable Baselines is designed to provide a quick-start guide for Reinforcement Learning beginners and a codebase for agile algorithm development.","tags":["Reinforcement Learning"],"title":"Unstable Baselines","type":"project"},{"authors":[],"categories":[],"content":"Create slides in Markdown with Wowchemy Wowchemy | Documentation\n Features  Efficiently write slides in Markdown 3-in-1: Create, Present, and Publish your slides Supports speaker notes Mobile friendly slides   Controls  Next: Right Arrow or Space Previous: Left Arrow Start: Home Finish: End Overview: Esc Speaker notes: S Fullscreen: F Zoom: Alt + Click PDF Export: E   Code Highlighting Inline code: variable\nCode block:\nporridge = \u0026#34;blueberry\u0026#34; if porridge == \u0026#34;blueberry\u0026#34;: print(\u0026#34;Eating...\u0026#34;)  Math In-line math: $x + y = z$\nBlock math:\n$$ f\\left( x \\right) = ;\\frac{{2\\left( {x + 4} \\right)\\left( {x - 4} \\right)}}{{\\left( {x + 4} \\right)\\left( {x + 1} \\right)}} $$\n Fragments Make content appear incrementally\n{{% fragment %}} One {{% /fragment %}} {{% fragment %}} **Two** {{% /fragment %}} {{% fragment %}} Three {{% /fragment %}} Press Space to play!\nOne  Two  Three   A fragment can accept two optional parameters:\n class: use a custom style (requires definition in custom CSS) weight: sets the order in which a fragment appears   Speaker Notes Add speaker notes to your presentation\n{{% speaker_note %}} - Only the speaker can read these notes - Press `S` key to view {{% /speaker_note %}} Press the S key to view the speaker notes!\n Only the speaker can read these notes Press S key to view    Themes  black: Black background, white text, blue links (default) white: White background, black text, blue links league: Gray background, white text, blue links beige: Beige background, dark text, brown links sky: Blue background, thin dark text, blue links    night: Black background, thick white text, orange links serif: Cappuccino background, gray text, brown links simple: White background, black text, blue links solarized: Cream-colored background, dark green text, blue links   Custom Slide Customize the slide style and background\n{{\u0026lt; slide background-image=\u0026#34;/media/boards.jpg\u0026#34; \u0026gt;}} {{\u0026lt; slide background-color=\u0026#34;#0000FF\u0026#34; \u0026gt;}} {{\u0026lt; slide class=\u0026#34;my-style\u0026#34; \u0026gt;}}  Custom CSS Example Let’s make headers navy colored.\nCreate assets/css/reveal_custom.css with:\n.reveal section h1, .reveal section h2, .reveal section h3 { color: navy; }  Questions? Ask\nDocumentation\n","date":1549324800,"expirydate":-62135596800,"kind":"page","lang":"en","lastmod":1650770445,"objectID":"0e6de1a61aa83269ff13324f3167c1a9","permalink":"https://hugo-academic-resume-githubio.netlify.app/slides/example/","publishdate":"2019-02-05T00:00:00Z","relpermalink":"/slides/example/","section":"slides","summary":"An introduction to using Wowchemy's Slides feature.","tags":[],"title":"Slides","type":"slides"},{"authors":["Dongyu Guo","Robert Ford"],"categories":null,"content":" Click the Cite button above to demo the feature to enable visitors to import publication metadata into their reference management software.    Create your slides in Markdown - click the Slides button to check out the example.   Supplementary notes can be added here, including code, math, and images.\n","date":1372636800,"expirydate":-62135596800,"kind":"page","lang":"en","lastmod":1650770445,"objectID":"ff6a19061a984819d30c916886db56ef","permalink":"https://hugo-academic-resume-githubio.netlify.app/publication/example/","publishdate":"2017-01-01T00:00:00Z","relpermalink":"/publication/example/","section":"publication","summary":"Lorem ipsum dolor sit amet, consectetur adipiscing elit. Duis posuere tellus ac convallis placerat. Proin tincidunt magna sed ex sollicitudin condimentum.","tags":[],"title":"An example conference paper","type":"publication"}]