<?xml version="1.0" encoding="utf-8" standalone="yes"?><rss version="2.0" xmlns:atom="http://www.w3.org/2005/Atom"><channel><title>1 | Academic</title><link>https://blog.mimeku.me/publication-type/1/</link><atom:link href="https://blog.mimeku.me/publication-type/1/index.xml" rel="self" type="application/rss+xml"/><description>1</description><generator>Wowchemy (https://wowchemy.com)</generator><language>en-us</language><lastBuildDate>Mon, 01 Jul 2013 00:00:00 +0000</lastBuildDate><image><url>https://blog.mimeku.me/media/icon_hu0b7a4cb9992c9ac0e91bd28ffd38dd00_9727_512x512_fill_lanczos_center_3.png</url><title>1</title><link>https://blog.mimeku.me/publication-type/1/</link></image><item><title>An example conference paper</title><link>https://blog.mimeku.me/publication/example/</link><pubDate>Mon, 01 Jul 2013 00:00:00 +0000</pubDate><guid>https://blog.mimeku.me/publication/example/</guid><description>&lt;div class="alert alert-note">
&lt;div>
Click the &lt;em>Cite&lt;/em> button above to demo the feature to enable visitors to import publication metadata into their reference management software.
&lt;/div>
&lt;/div>
&lt;div class="alert alert-note">
&lt;div>
Create your slides in Markdown - click the &lt;em>Slides&lt;/em> button to check out the example.
&lt;/div>
&lt;/div>
&lt;p>Supplementary notes can be added here, including &lt;a href="https://wowchemy.com/docs/writing-markdown-latex/" target="_blank" rel="noopener">code, math, and images&lt;/a>.&lt;/p></description></item></channel></rss>