<?xml version="1.0" encoding="utf-8" standalone="yes"?><rss version="2.0" xmlns:atom="http://www.w3.org/2005/Atom"><channel><title>Reinforcement Learning | Dongyu Guo | Homepage</title><link>https://hugo-academic-resume-githubio.netlify.app/tag/reinforcement-learning/</link><atom:link href="https://hugo-academic-resume-githubio.netlify.app/tag/reinforcement-learning/index.xml" rel="self" type="application/rss+xml"/><description>Reinforcement Learning</description><generator>Wowchemy (https://wowchemy.com)</generator><language>en-us</language><lastBuildDate>Wed, 27 Apr 2022 00:00:00 +0000</lastBuildDate><image><url>https://hugo-academic-resume-githubio.netlify.app/media/icon_hu0b7a4cb9992c9ac0e91bd28ffd38dd00_9727_512x512_fill_lanczos_center_3.png</url><title>Reinforcement Learning</title><link>https://hugo-academic-resume-githubio.netlify.app/tag/reinforcement-learning/</link></image><item><title>Unstable Baselines</title><link>https://hugo-academic-resume-githubio.netlify.app/project/unstable_baselines/</link><pubDate>Wed, 27 Apr 2022 00:00:00 +0000</pubDate><guid>https://hugo-academic-resume-githubio.netlify.app/project/unstable_baselines/</guid><description>&lt;p>This introduction of &lt;code>Unstable Baselines&lt;/code> has not been updated.&lt;/p></description></item></channel></rss>