<?xml version="1.0" encoding="utf-8" standalone="yes"?><rss version="2.0" xmlns:atom="http://www.w3.org/2005/Atom"><channel><title>Recent &amp; Upcoming Talks | Academic</title><link>https://blog.mimeku.me/event/</link><atom:link href="https://blog.mimeku.me/event/index.xml" rel="self" type="application/rss+xml"/><description>Recent &amp; Upcoming Talks</description><generator>Wowchemy (https://wowchemy.com)</generator><language>en-us</language><image><url>https://blog.mimeku.me/media/icon_hu0b7a4cb9992c9ac0e91bd28ffd38dd00_9727_512x512_fill_lanczos_center_3.png</url><title>Recent &amp; Upcoming Talks</title><link>https://blog.mimeku.me/event/</link></image><item><title>Example Talk</title><link>https://blog.mimeku.me/talk/example-talk/</link><pubDate>Sat, 01 Jun 2030 13:00:00 +0000</pubDate><guid>https://blog.mimeku.me/talk/example-talk/</guid><description>&lt;div class="alert alert-note">
&lt;div>
Click on the &lt;strong>Slides&lt;/strong> button above to view the built-in slides feature.
&lt;/div>
&lt;/div>
&lt;p>Slides can be added in a few ways:&lt;/p>
&lt;ul>
&lt;li>&lt;strong>Create&lt;/strong> slides using Wowchemy&amp;rsquo;s &lt;a href="https://wowchemy.com/docs/managing-content/#create-slides" target="_blank" rel="noopener">&lt;em>Slides&lt;/em>&lt;/a> feature and link using &lt;code>slides&lt;/code> parameter in the front matter of the talk file&lt;/li>
&lt;li>&lt;strong>Upload&lt;/strong> an existing slide deck to &lt;code>static/&lt;/code> and link using &lt;code>url_slides&lt;/code> parameter in the front matter of the talk file&lt;/li>
&lt;li>&lt;strong>Embed&lt;/strong> your slides (e.g. Google Slides) or presentation video on this page using &lt;a href="https://wowchemy.com/docs/writing-markdown-latex/" target="_blank" rel="noopener">shortcodes&lt;/a>.&lt;/li>
&lt;/ul>
&lt;p>Further event details, including &lt;a href="https://wowchemy.com/docs/writing-markdown-latex/" target="_blank" rel="noopener">page elements&lt;/a> such as image galleries, can be added to the body of this page.&lt;/p></description></item></channel></rss>