<?xml version="1.0" encoding="utf-8" standalone="yes"?><rss version="2.0" xmlns:atom="http://www.w3.org/2005/Atom"><channel><title>Publication_types | Dongyu Guo | Homepage</title><link>https://hugo-academic-resume-githubio.netlify.app/publication_types/</link><atom:link href="https://hugo-academic-resume-githubio.netlify.app/publication_types/index.xml" rel="self" type="application/rss+xml"/><description>Publication_types</description><generator>Wowchemy (https://wowchemy.com)</generator><language>en-us</language><lastBuildDate>Mon, 01 Jul 2013 00:00:00 +0000</lastBuildDate><image><url>https://hugo-academic-resume-githubio.netlify.app/media/icon_hu0b7a4cb9992c9ac0e91bd28ffd38dd00_9727_512x512_fill_lanczos_center_3.png</url><title>Publication_types</title><link>https://hugo-academic-resume-githubio.netlify.app/publication_types/</link></image></channel></rss>